name,ram_gb,battery_mah,storage_gb,camera_mp
Oppo F21,8.0,5787.0,64.0,48.0
Apple iPhone 13,12.0,4729.0,256.0,108.0
Samsung Galaxy Note 20,8.0,3317.0,128.0,64.0
Xiaomi Redmi Note 12,12.0,5073.0,128.0,108.0
Vivo V27,12.0,5970.0,128.0,48.0
Nokia X30,6.0,5412.0,512.0,48.0
Vivo Y75,12.0,5389.0,256.0,48.0
Realme Narzo 50,12.0,5380.0,64.0,12.0
Samsung Galaxy S21,6.0,4878.0,64.0,12.0
Motorola Moto Edge 50,8.0,3130.0,128.0,108.0
Vivo V25,12.0,5639.0,64.0,64.0
Motorola Moto G73,4.0,3339.0,64.0,108.0
Oppo Reno 8,6.0,3823.0,512.0,64.0
Samsung Galaxy A15,12.0,3421.0,256.0,48.0
Realme Narzo 60x,4.0,5532.0,256.0,12.0
Xiaomi Redmi Note 13,4.0,3550.0,256.0,108.0
Nokia G21,4.0,4290.0,256.0,64.0
Realme 11 Pro,4.0,5788.0,128.0,108.0
Google Pixel 8,8.0,4461.0,512.0,108.0
OnePlus Nord CE 3,12.0,4308.0,64.0,108.0
Vivo X80,12.0,3013.0,256.0,12.0
Realme GT Neo 3,6.0,3919.0,256.0,48.0
Motorola Moto G84,6.0,3783.0,64.0,48.0
Google Pixel 6,12.0,4331.0,512.0,12.0
OnePlus 9,6.0,5240.0,64.0,48.0
Google Pixel 7,6.0,3062.0,64.0,108.0
Apple iPhone 15,4.0,5851.0,256.0,108.0
Apple iPhone 11,8.0,5671.0,128.0,48.0
Xiaomi Mi 11,6.0,3505.0,128.0,12.0
Samsung Galaxy S23,12.0,5954.0,512.0,48.0
OnePlus 11,8.0,3214.0,512.0,108.0
Motorola Moto Edge 40,6.0,5307.0,64.0,64.0
Google Pixel 9,8.0,5859.0,512.0,108.0
OnePlus Nord CE 2,12.0,4104.0,128.0,12.0
Nokia G22,12.0,4148.0,256.0,64.0
Apple iPhone 12,8.0,5101.0,512.0,64.0
OnePlus 10,12.0,5039.0,512.0,48.0
Oppo Reno 9,6.0,3557.0,64.0,48.0
Oppo Find X5,6.0,3000.0,256.0,108.0
Samsung Galaxy S22,8.0,4102.0,128.0,64.0
Xiaomi Redmi Note 11,6.0,3452.0,64.0,48.0
Apple iPhone 14,6.0,5191.0,512.0,48.0
Xiaomi Mi 12,12.0,3955.0,256.0,48.0
